yr,algeria,angola,benin,botswana,burkinafaso,burundi,cameroon,car,chad,comoros,congodr,congorepub,djibouti,egypt,eqguinea,ethiopia,gabon,gambia,guinea,guineabissau,ivorycoast,kenya,lesotho,liberia,libya,madagascar,malawi,mali,marocco,mozambique,namibia,niger,nigeria,rwanda,saotome,seychelles,sierraleone,somalia,southafrica,tanzania,tunisia,zambia,zimbabwe
 1961.000, 0.067881, 0.061829, 0.003709, 0.008744, 0.012187,-0.187132,NA,NA,NA,-0.051479,NA,NA,NA,NA,NA,NA,NA,NA,NA,NA,-0.011515,-0.084795,NA,NA,NA,NA,NA, 0.033668,NA,-0.035688,NA,-0.024002,NA,NA,NA,-0.052398,NA,-0.004171,NA,NA,-0.012228, 0.003021,NA
 1962.000,-0.121465, 0.006573,-0.048117,-0.021991, 0.035763, 0.014644,-0.008889,-0.002713, 0.044625, 0.001275, 0.197428, 0.007740,-0.012008, 0.016105, 0.086788, 0.005654, 0.002975,-0.002351, 0.007272, 0.011287,-0.091276, 0.048673,-0.006382, 0.083664, 0.293007, 0.027699,-0.001027,-0.054832,-0.033203, 0.038046,-0.008221, 0.043949, 0.021805, 0.028394,-0.004745, 0.006692,-0.008812, 0.103899,-0.027384, 0.003332, 0.014723,-0.038023,-0.027547
 1963.000, 0.068696, 0.050578,-0.002232,-0.037318,-0.002829,-0.015929, 0.029099, 0.013483,-0.023661, 0.040665, 0.042172,-0.018005,-0.019174, 0.019019,-0.123022,-0.009257, 0.021515, 0.021134, 0.003943,-0.011082, 0.027034, 0.044088,-0.007562,-0.009464, 0.142860,-0.030870, 0.010572, 0.006308, 0.013390, 0.026040, 0.005248, 0.060928, 0.062639, 0.018130, 0.037996, 0.025355,-0.054332, 0.029654, 0.008888,-0.014930, 0.046319,-0.022123, 0.034532
 1964.000,-0.001507,-0.003791, 0.024394,-0.004255, 0.010917, 0.012620, 0.004270, 0.027324,-0.007350,-0.027893,-0.035959, 0.027043,-0.016041, 0.017815, 0.095900, 0.032605, 0.056718, 0.002548,-0.016552, 0.020647, 0.070011, 0.004579, 0.000437,-0.008755,-0.019098, 0.021566,-0.016363,-0.023180,-0.001037, 0.037745, 0.012096,-0.018011, 0.037987,-0.063499, 0.069778, 0.040738, 0.008060,-0.051831, 0.011021, 0.016689, 0.005779, 0.040944,-0.015898
 1965.000,-0.008778,-0.002355, 0.024208,-0.038207, 0.008846,-0.003303,-0.015414,-0.015369,-0.010641,-0.009033,-0.028319,-0.013277,-0.001272,-0.007253,-0.372160, 0.012018, 0.040753, 0.028957, 0.003263, 0.005703,-0.097719,-0.035246,-0.003229,-0.027944,-0.186492,-0.021707, 0.026520, 0.018729, 0.005393, 0.014262,-0.014952, 0.042369, 0.025828, 0.021542, 0.030046,-0.017629, 0.046044,-0.093321,-0.009292,-0.003874,-0.014916, 0.104859, 0.039777
 1966.000,-0.032259, 0.009452, 0.014186,-0.038660,-0.033260, 0.005696, 0.007698, 0.017963,-0.025277,-0.012586, 0.011533,-0.039227,-0.019351,-0.039434, 0.086404, 0.001428, 0.017973,-0.013706,-0.002625,-0.035839, 0.026566, 0.046847,-0.019181, 0.042142,-0.068544,-0.017669, 0.018578,-0.023245,-0.036416, 0.032947,-0.016481,-0.018498,-0.073650, 0.019242, 0.037464, 0.042771,-0.010252, 0.045688,-0.016895, 0.001444,-0.023855,-0.058301,-0.005614
 1967.000,-0.044721, 0.010645,-0.004360,-0.016843, 0.035840, 0.096631,-0.060439, 0.043514, 0.031795, 0.025972,-0.012090,-0.014677, 0.028618,-0.020007, 0.142357,-0.026945,-0.050365,-0.029178,-0.014576, 0.016926,-0.021703,-0.038408, 0.040724,-0.004215,-0.155255,-0.006921, 0.032596, 0.014128, 0.006250, 0.043818,-0.004254,-0.005904,-0.183831,-0.028924,-0.010932,-0.040725,-0.023349,-0.008683, 0.029489,-0.001173,-0.059872, 0.034542, 0.066952
 1968.000, 0.048081, 0.025980, 0.005254, 0.022629, 0.020343,-0.019475,-0.018876,-0.017309, 0.018347,-0.005326,-0.001740, 0.028026, 0.004374, 0.012126, 0.121060,-0.098045,-0.090522, 0.018819,-0.002440,-0.031188, 0.054419,-0.018957,-0.000800, 0.123969,-0.042682, 0.015826,-0.025553, 0.032148, 0.017676, 0.049980, 0.002831, 0.000289,-0.071427,-0.052743,-0.050936,-0.030749,-0.045266, 0.004037,-0.000854, 0.003013, 0.010197, 0.007255,-0.054077
 1969.000, 0.015534,-0.048735, 0.000982,-0.003432,-0.000434,-0.038428, 0.032595, 0.071208, 0.072628, 0.016585, 0.056262,-0.002003, 0.026915, 0.012747, 0.312249, 0.025125,-0.024927,-0.000908, 0.004945, 0.051692, 0.046632,-0.012663, 0.017655, 0.023142,-0.054694,-0.007811,-0.014459, 0.000797, 0.029507, 0.008951, 0.008466,-0.041919, 0.078779, 0.076392,-0.023294,-0.069758, 0.025596,-0.049246, 0.005169,-0.016805,-0.025906,-0.011999, 0.059974
 1970.000, 0.007461, 0.002109,-0.012143, 0.069058,-0.011158, 0.156668,-0.037894, 0.030300,-0.027920,-0.009956,-0.057689,-0.010855,-0.003736, 0.007745,-0.247695, 0.035260,-0.052402, 0.019704, 0.017842, 0.011063, 0.062629,-0.146136, 0.008852, 0.049894,-0.240620, 0.019633,-0.088046, 0.022306, 0.011659, 0.015482, 0.008986, 0.023059, 0.066365, 0.034137,-0.041090,-0.038958, 0.025983,-0.002317, 0.010788, 0.015118,-0.031590, 0.020306, 0.107287
 1971.000,-0.049529,-0.031763,-0.045322, 0.039779,-0.025056, 0.016591,-0.011231,-0.004500,-0.081891, 0.035099, 0.012056, 0.006819, 0.020588,-0.030736, 0.124021, 0.036143,-0.026574,-0.016727,-0.010290,-0.038226, 0.062654, 0.078107, 0.008644, 0.048363,-0.105967, 0.024366,-0.003550,-0.007183, 0.004345, 0.010058, 0.016837, 0.060578, 0.013520, 0.030374,-0.011219, 0.058295, 0.012831,-0.022145,-0.004523,-0.003381, 0.028634,-0.033237,-0.047395
 1972.000, 0.031783,-0.004272, 0.020501, 0.012872,-0.006411,-0.076240, 0.033946, 0.013214,-0.025262,-0.027359,-0.031430, 0.040622, 0.017046,-0.015811, 0.193875, 0.037505,-0.047543,-0.041465, 0.005695, 0.019429, 0.019556, 0.073032,-0.078446, 0.016386, 0.275938,-0.018396, 0.025058,-0.001022,-0.004866,-0.001564,-0.003147,-0.030914,-0.033340,-0.029365, 0.034567, 0.024443,-0.015328, 0.030859,-0.010883,-0.010021, 0.078295, 0.028114,-0.014437
 1973.000,-0.013208, 0.013460, 0.012432,-0.044695,-0.039067, 0.038640, 0.007196, 0.033861,-0.114916,-0.042479, 0.041477, 0.016944, 0.008223,-0.019392, 0.019829,-0.063284,-0.034212,-0.013481, 0.000780,-0.014394, 0.027803, 0.001329, 0.075113,-0.026735, 0.238376,-0.016688,-0.015854,-0.036417,-0.028001, 0.013540, 0.005064,-0.185848, 0.016846,-0.017036, 0.062264, 0.056041, 0.005296,-0.069077, 0.014826,-0.000887,-0.045753,-0.021059,-0.003197
 1974.000, 0.042340,-0.008572, 0.006633,-0.030524, 0.033814,-0.030423,-0.034351, 0.058337,-0.030554,-0.020431, 0.016648, 0.033019, 0.025631,-0.009130,-0.047488, 0.052287, 0.136271,-0.008536, 0.009227,-0.007188, 0.011222, 0.009623, 0.021363, 0.028909, 0.233260, 0.010012, 0.010609,-0.076544, 0.003588, 0.014447, 0.009657, 0.009646, 0.091865,-0.047862, 0.073774,-0.044505, 0.035980,-0.256169, 0.027665, 0.013922, 0.002443, 0.064504, 0.060724
 1975.000,-0.005320,-0.027310,-0.069231, 0.003132,-0.008397,-0.027724, 0.000147, 0.065183, 0.008197,-0.019794,-0.082283, 0.035686, 0.001318, 0.004717, 0.066352,-0.058096, 0.081075, 0.055548,-0.002750, 0.013530, 0.014226,-0.025666,-0.060309,-0.095327, 0.101781, 0.012470,-0.007030, 0.059148, 0.024197,-0.009660,-0.010090,-0.084793,-0.071711,-0.044147,-0.066363,-0.073083, 0.021944, 0.166214,-0.016637, 0.025714,-0.007517,-0.015912,-0.073864
 1976.000, 0.007684,-0.007787,-0.030744, 0.000129, 0.047522, 0.037326,-0.028915, 0.032377,-0.019446, 0.011777,-0.052277,-0.026505,-0.029340, 0.019764,-0.298710, 0.010743, 0.218746, 0.029767, 0.013776, 0.012887, 0.048520,-0.037930,-0.014676, 0.020366, 0.027908,-0.015403, 0.012321, 0.017260, 0.018732,-0.027988, 0.005035,-0.034049, 0.098668, 0.009559,-0.043638, 0.066471, 0.028758,-0.050833, 0.002348, 0.005009, 0.030448, 0.057214,-0.009714
 1977.000,-0.005194, 0.024557, 0.000333, 0.047823,-0.024784, 0.077574, 0.038616, 0.023509,-0.003913,-0.008954, 0.034194,-0.112265,-0.041046,-0.000552, 0.071524,-0.038580,-0.121933, 0.007800, 0.003470,-0.029816,-0.017860, 0.016893,-0.011222, 0.139625,-0.022961,-0.016480, 0.033085, 0.043383, 0.001736,-0.008391, 0.020796, 0.040325, 0.057028, 0.052237,-0.001690,-0.097129, 0.045107, 0.176408,-0.031051, 0.008548,-0.016745,-0.020651,-0.066986
 1978.000,-0.008622,-0.001641,-0.033652, 0.006731,-0.002323,-0.019625, 0.013558,-0.031914,-0.022393, 0.006948, 0.001131, 0.034418,-0.021142,-0.037178,-0.189069,-0.179254,-0.097070,-0.014512, 0.012723, 0.029320, 0.046280, 0.008076, 0.033921, 0.005906, 0.000970,-0.007971, 0.032841,-0.018665,-0.018480,-0.044320,-0.000946, 0.116888,-0.037610, 0.011454, 0.011361, 0.073155, 0.083216, 0.092749,-0.001517, 0.003292,-0.023445,-0.010917, 0.016337
 1979.000, 0.055160,-0.016069,-0.001690, 0.009748, 0.020474,-0.000643, 0.022769,-0.020582,-0.256010, 0.063077, 0.031474,-0.038218, 0.021576,-0.005671,-0.051469,-0.032878, 0.074358,-0.038150,-0.015834, 0.008698, 0.021596, 0.028230, 0.012109,-0.065739, 0.107364, 0.022671, 0.014958, 0.068974,-0.016718,-0.036157, 0.015477, 0.073310, 0.116066,-0.030582,-0.008783, 0.083831, 0.077773, 0.006661,-0.000143, 0.014644,-0.012140,-0.054931, 0.035330
 1980.000,-0.017393,-0.104945, 0.020753,-0.005462,-0.015981,-0.008854,-0.009831,-0.048926,-0.096164, 0.021395, 0.004882, 0.006134, 0.009147, 0.037160, 0.091037, 0.000952,-0.001728,-0.022209,-0.004879,-0.090965,-0.115549, 0.017769,-0.003116, 0.014677, 0.046179, 0.047422, 0.006339, 0.020983, 0.003363,-0.022557, 0.022397, 0.043291, 0.044063, 0.005171,-0.033991,-0.002434, 0.020221,-0.013854, 0.025298,-0.001386, 0.011867,-0.034686, 0.013124
 1981.000,-0.017617,-0.030495, 0.060971, 0.018769, 0.002424, 0.091838, 0.104899,-0.007733,-0.036062, 0.004681,-0.017926, 0.015850,-0.032264,-0.010618, 0.108045,-0.001935, 0.041583, 0.015461,-0.012948, 0.043927, 0.008548, 0.004110, 0.031029, 0.051900,-0.210478,-0.019520,-0.041589,-0.004450,-0.038635,-0.017074,-0.018109, 0.062561,-0.122783,-0.025944,-0.103721,-0.016810,-0.016369, 0.043981, 0.017138,-0.023554, 0.014424, 0.003068, 0.000304
 1982.000,-0.040119,-0.009125, 0.018671, 0.022766, 0.022753,-0.023712, 0.015676, 0.052764, 0.033239, 0.035222,-0.022948, 0.098701,-0.017442, 0.029620,-0.027188,-0.011057,-0.042808,-0.032894,-0.010081, 0.047015,-0.023902, 0.009132,-0.029176,-0.067340,-0.042353,-0.013528,-0.018114,-0.055896,-0.001206,-0.087741,-0.005984, 0.050632, 0.050211,-0.006655,-0.019022,-0.025509, 0.031722, 0.042965,-0.026164,-0.029444,-0.023508,-0.018764,-0.010888
 1983.000,-0.010679,-0.012306,-0.040097,-0.029916,-0.047831, 0.002472, 0.012618,-0.049167, 0.137321, 0.023935, 0.004939,-0.027547, 0.012251,-0.001062, 0.039410, 0.045056, 0.036663, 0.008867,-0.004834,-0.018172,-0.061066,-0.012883,-0.058657, 0.069903,-0.032757, 0.004638, 0.007945,-0.011553, 0.005236,-0.181803,-0.033194,-0.000843,-0.024482, 0.080854,-0.021575,-0.058976,-0.024937,-0.096544,-0.020113,-0.019786, 0.012481,-0.022544,-0.047222
 1984.000, 0.028959,-0.019483, 0.042299, 0.006938,-0.044993,-0.022730, 0.026861, 0.067601, 0.054253, 0.021987, 0.043162, 0.055081, 0.000749, 0.017941, 0.076946,-0.013193,-0.053891, 0.003444,-0.000727,-0.015307,-0.064866,-0.002257, 0.015634, 0.117428,-0.090495,-0.002406, 0.021893,-0.092524, 0.007446,-0.108504,-0.001076,-0.145980, 0.008038, 0.047677,-0.020089, 0.023401,-0.001153,-0.004119, 0.049272,-0.001170, 0.037172,-0.013390,-0.045774
 1985.000, 0.042365, 0.072018, 0.073136,-0.011834, 0.018327, 0.075268, 0.057147, 0.057528, 0.148893, 0.001558,-0.022328,-0.023312, 0.016903, 0.024784, 0.098173,-0.068923,-0.079687, 0.002904, 0.023494,-0.053959,-0.007791, 0.006959, 0.019813, 0.038549,-0.009614, 0.018931, 0.004650, 0.056837,-0.002208,-0.039829,-0.000752, 0.033199, 0.082432, 0.036652, 0.044020, 0.075332,-0.073061, 0.036455,-0.020104, 0.003491, 0.040701, 0.014686, 0.051589
 1986.000, 0.054115, 0.018389, 0.021198, 0.007334, 0.031751, 0.012391, 0.092189,-0.014356,-0.020482,-0.005657, 0.038743,-0.061444,-0.004918,-0.007198,-0.151743, 0.025674, 0.051401, 0.001772,-0.008554, 0.010927,-0.007613, 0.024986,-0.010798,-0.021083,-0.108373,-0.017700, 0.024858, 0.039142, 0.066451,-0.074275,-0.000784, 0.031929,-0.103780, 0.026138,-0.057304,-0.003581,-0.029908, 0.032089,-0.000680, 0.006820,-0.025176,-0.012180,-0.002905
 1987.000,-0.036306,-0.046113,-0.020534, 0.063872,-0.028030, 0.040383,-0.019325,-0.041155,-0.038873,-0.009331, 0.020137, 0.008437,-0.002325,-0.009885,-0.089241, 0.068386,-0.215996,-0.022316,-0.005008, 0.016315,-0.035326, 0.016720,-0.040006, 0.028225,-0.185084, 0.005540, 0.007147, 0.018267,-0.030155, 0.077336, 0.014717,-0.013786,-0.110712,-0.046121,-0.046009,-0.012237, 0.050431, 0.067765, 0.004384, 0.008084, 0.026228, 0.003965, 0.022192
 1988.000,-0.031658, 0.014802, 0.016752, 0.005903, 0.009764, 0.048691,-0.049412, 0.011216, 0.088697, 0.006982,-0.012909,-0.015652, 0.002999, 0.009847,-0.055039,-0.050160, 0.050525,-0.000402, 0.015380,-0.027822, 0.001740, 0.039677, 0.014331,-0.062297, 0.035581, 0.023972,-0.021587, 0.011565, 0.022640, 0.025998,-0.028280, 0.038536, 0.041249,-0.082218, 0.025823,-0.005260,-0.064951, 0.000822, 0.021170,-0.001672,-0.029088, 0.045809, 0.073441
 1989.000,-0.012643, 0.026180,-0.061149,-0.041804,-0.007254, 0.018684,-0.036821, 0.007714, 0.080116,-0.046589, 0.006912,-0.003986, 0.024136, 0.025889,-0.185071, 0.003632, 0.007226, 0.011844,-0.004616, 0.028961, 0.006297, 0.016006,-0.016588,-0.241779, 0.102716, 0.012548,-0.004691, 0.017792, 0.000155, 0.005885,-0.022713,-0.006143,-0.025772,-0.011978,-0.030449, 0.017674,-0.007616, 0.016956, 0.005824,-0.008898,-0.034714,-0.026812, 0.002719
 1990.000, 0.001740, 0.013237, 0.032194, 0.014062,-0.030269, 0.038865,-0.028366,-0.025971,-0.060649, 0.024128,-0.072774,-0.013884, 0.000213, 0.005559,-0.107885, 0.024299,-0.072787, 0.020348, 0.002378, 0.029558,-0.038421, 0.024037,-0.002734,-0.556589, 0.068385, 0.007721, 0.004855,-0.061599,-0.025505,-0.056025,-0.024336,-0.022799, 0.038923,-0.041260,-0.068037, 0.005667, 0.007913,-0.007728,-0.016570, 0.023978, 0.025847,-0.040848, 0.046837
 1991.000,-0.022066, 0.004699, 0.008039,-0.026404, 0.037258, 0.060127, 0.012642, 0.018799, 0.036509,-0.073133,-0.087707, 0.005769,-0.039259,-0.012486,-0.036866,-0.093912, 0.062439, 0.011790,-0.009085,-0.076125,-0.036360, 0.000250, 0.002463, 0.217682, 0.167756,-0.031519, 0.039109, 0.012289, 0.028754,-0.032048, 0.045681, 0.015088,-0.079332, 0.004505, 0.009962,-0.018991, 0.027019,-0.322795,-0.012486,-0.006443,-0.003975,-0.052627, 0.002971
 1992.000, 0.039052,-0.108859,-0.004997, 0.010580,-0.031452, 0.028671,-0.064372,-0.043051, 0.045510, 0.057531,-0.076370, 0.024576, 0.020629, 0.007403, 0.018738,-0.123558,-0.064879, 0.015578,-0.010933, 0.028959,-0.045935,-0.040978, 0.024434,-0.288457, 0.027963,-0.019088,-0.046241,-0.028778,-0.033095,-0.099413, 0.035580,-0.099110,-0.007884, 0.013302, 0.008187, 0.016778,-0.158547,-0.142025,-0.033247,-0.024726, 0.031069,-0.060100,-0.049129
 1993.000, 0.012074, 0.082462, 0.017761, 0.015482,-0.017723,-0.039920,-0.086429,-0.013576,-0.092159, 0.019367,-0.064978,-0.021511,-0.050142,-0.018044,-0.058158, 0.088414, 0.002231, 0.019046, 0.006702, 0.036435,-0.043106,-0.006361, 0.006947,-0.056539,-0.036251,-0.012632, 0.013777,-0.002359,-0.047462, 0.021846,-0.029277,-0.042686, 0.008318, 0.148904, 0.045085, 0.048708,-0.026348,-0.000377,-0.014093,-0.014591,-0.008325, 0.034763, 0.028120
 1994.000,-0.024940, 0.023366,-0.017078, 0.011615,-0.049544,-0.024945, 0.022622, 0.019574, 0.036275,-0.057176, 0.004586,-0.046949, 0.032983, 0.004582,-0.191524,-0.026578, 0.031991,-0.003180,-0.001584, 0.006327,-0.038230, 0.019338, 0.006133, 0.167417, 0.017842,-0.014095,-0.096481, 0.003924, 0.042090,-0.001427,-0.007786, 0.009857,-0.022146,-0.181189, 0.016343, 0.036107, 0.010698, 0.110455, 0.004880, 0.003901,-0.004949,-0.039597, 0.081743
 1995.000,-0.027202, 0.011470, 0.008488, 0.021039,-0.009155,-0.075433, 0.014551,-0.002496,-0.021002, 0.021816, 0.044391, 0.064227,-0.005954, 0.004487,-0.108217, 7.44E-05, 0.039304,-0.021098, 0.005230,-0.004306, 0.019853, 0.029529,-0.005419, 0.041018,-0.115806, 0.025080, 0.061396,-0.027247,-0.024106,-0.028746, 0.014368,-0.001253,-0.023498, 0.082973,-0.011257,-0.026105,-0.016854, 0.021973,-0.003736, 0.001647,-0.025784, 0.022709, 0.017146
 1996.000,-0.020978,-0.059157,-0.000770, 0.011597, 0.030702,-0.098728, 0.005040,-0.073588, 0.021093,-0.027870, 0.047905, 0.019763,-0.007383,-0.007100, 0.168717, 0.078402, 0.048914,-0.034215, 0.008397, 0.038111, 0.033041, 0.033291, 0.038482, 0.107285,-0.003884, 0.012245, 0.014231,-0.009353, 0.022056, 0.187261,-0.002405,-9.82E-05, 0.021331,-0.021851,-0.046098,-0.020066, 0.046972, 0.043330, 0.010695, 0.005011, 0.018377, 0.043209, 0.083563
 1997.000,-0.054763, 0.029860,-0.003112,-0.030857, 0.014995,-0.045100,-0.005001, 0.000421,-0.000447, 0.019186,-0.031239,-0.025755, 0.018510,-0.003469, 0.525820,-0.013983, 0.051663,-0.023293,-0.000164, 0.077366, 0.004490,-0.031111, 0.012875, 0.493195, 0.012654,-0.025333,-0.002087, 0.009904,-0.014988, 0.067907,-0.016756,-0.016511,-0.015657, 0.026582,-0.055085, 0.026135,-0.040565, 0.091670,-0.004565,-0.001424, 0.010220, 0.016528,-0.017328
 1998.000, 0.015253, 0.021736,-0.017231, 0.056816, 0.017719, 0.010321,-0.037393, 0.010854, 0.052965,-0.004442, 0.014601, 0.028878, 0.007613,-0.030692,-0.039908,-0.066538, 0.042491,-0.011924,-0.010869,-0.080524, 0.016442,-0.000739,-0.016407,-0.054622, 0.004996,-0.025839,-0.030331, 0.015106, 0.017938, 0.077622,-0.013752, 0.045030,-0.022062,-0.054324,-0.020455, 0.004236,-0.023338,-0.029033,-0.018051, 0.001545, 0.011543,-0.033265, 0.001816
 1999.000, 0.004717, 0.016643,-0.007985,-0.017103, 0.025525,-0.044205, 0.012479, 9.79E-05,-0.050650,-0.004383,-0.036902,-0.055163, 0.018902, 0.019554,-0.037188,-0.040587,-0.076354, 0.003571, 0.007725,-0.036222,-0.010517,-0.018942, 0.018416, 0.034532, 0.014605,-0.013170, 0.049789,-0.009983, 0.014796, 0.040006,-0.015111,-0.033551,-0.050001,-0.076146,-0.006530, 0.042346,-0.075769, 0.079042, 0.000546,-0.001035,-9.10E-05,-0.018906,-0.037958
 2000.000, 0.021752, 0.002370,-2.83E-05,-0.016189,-0.024260,-0.046404,-0.004983,-0.064451,-0.045392, 0.075851,-0.073662, 0.056178,-0.005797, 0.006346,-0.035832, 0.016788,-0.001749, 0.025871,-0.007436, 0.036718,-0.032416,-0.030829, 0.008847, 0.163753, 0.048694, 0.014766, 0.028319,-0.062026,-0.026422,-0.027079,-0.015206,-0.045244,-0.021029,-0.016980,-0.017719, 0.046146,-0.017698, 0.015322, 0.007419,-0.004648,-0.002811,-0.017065,-0.034501
 2001.000, 0.010273,-0.096234, 0.002896, 0.032606,-0.001841,-0.020772,-0.020049, 0.002358, 0.014901, 0.010192,-0.036694,-0.033983, 0.012163,-0.011703, 0.287703, 0.022356, 0.004580, 0.030635, 0.013833, 0.022939,-0.012514, 0.001264,-0.003198,-0.027272, 0.003762, 0.075559,-0.079457, 0.010767, 0.001918, 0.054993,-0.023516, 0.034084,-0.050534, 0.021609, 0.000442,-0.014203,-0.136949, 0.055583,-0.003726, 0.012043,-0.007979,-0.001312,-0.037540
 2002.000,-0.032109,-0.017409, 0.002160, 0.032185,-0.023829,-0.001042,-0.002796, 0.019514, 0.068999, 0.008938, 0.043382,-0.004619, 0.017217,-0.021143, 0.078398,-0.071286,-0.012210,-0.035900, 0.009315, 0.036294,-0.032973,-0.024025,-0.025514,-0.035294,-0.004752,-0.104068,-0.010383, 0.007103, 0.015145, 0.011341, 0.000854, 0.014806,-0.071992, 0.116338,-0.010552, 0.002944, 0.130368, 0.055324, 0.006857, 0.007809,-0.033398,-0.013405,-0.131481
 2003.000, 0.040585, 0.011364,-0.009669, 0.023990, 0.004810,-0.054907, 0.025135,-0.057164,-0.021522, 0.002673,-0.028205,-0.044797,-0.002504, 0.002642, 0.029849,-0.077339,-0.003802, 0.018950,-0.005137,-0.015713,-0.033206,-0.012561,-0.023922,-0.331783, 0.129992, 0.004518, 0.008178, 0.048023, 0.020285, 0.062464, 0.003852,-0.003191, 0.047933, 0.075555, 0.027841,-0.059915, 0.017931, 0.032386,-0.001868, 0.008762,-0.001533, 0.057854,-0.070871
 2004.000, 0.041843,-0.001462,-0.000179, 0.007036,-0.019122, 0.005518, 0.033474, 0.039126, 0.209966,-0.003590, 0.019316,-0.020385,-0.001670,-0.004668, 0.200186, 0.066633,-0.020218, 0.031652,-0.010211,-0.090515,-0.013972,-0.003338, 0.016323, 0.114582, 0.092146, 0.023651, 0.022089, 0.014533, 0.005627, 0.036514, 0.070650,-0.027326, 0.205967,-0.074701, 0.016914,-0.084073, 0.003668, 0.018576, 0.015143, 0.008620, 0.017571, 0.051038,-0.017514
 2005.000, 0.025964, 0.023955,-0.017132, 0.030779, 0.012761,-0.031619,-0.025748, 0.000337, 0.100670, 0.000895, 0.018259, 0.005707,-0.012985,-0.004614, 0.015023, 0.058675,-0.001904,-0.020908,-0.004903,-0.041494,-0.007396, 0.005343, 0.037210,-0.047003, 0.136706, 0.023851,-0.039138, 0.002014,-0.001005, 0.035192,-0.011569, 0.001232,-0.053937,-0.036517, 0.021542,-0.006893,-0.015126, 0.009311, 0.011694, 0.003123,-0.002746, 0.028598,-0.057437
 2006.000,-0.001060, 0.064031,-0.005635, 0.009329, 0.008801, 0.007816, 0.011242, 0.033951,-0.036282,-0.003189, 0.020424,-0.019404, 0.004615, 0.019701,-0.094198, 0.044220,-0.068623,-0.016532,-0.012884,-0.026706,-0.009916, 0.016884, 0.012348,-0.040435, 0.108120,-0.006969,-0.010136, 0.013684, 0.007527, 0.036746, 0.023425, 0.009097, 0.051805,-0.045970, 0.034313, 0.041654, 0.000391,-0.036472, 0.016938,-0.025838, 0.023771, 0.020192,-0.045398
 2007.000, 0.003173, 0.004821, 0.017268, 0.001848, 0.004122, 0.003410, 0.018043, 0.039532,-0.018976,-0.019355, 0.015188,-0.073544,-0.000605, 0.015744, 0.018095, 0.052000, 0.064727,-0.015358, 0.022479, 0.029669,-5.59E-05, 0.017311, 0.000857,-0.068538, 0.092090,-0.008846,-0.020651, 0.055282,-0.003842, 0.006760, 0.012769,-0.015634, 0.017112,-0.047812,-0.013037, 0.065020, 0.013951,-0.072430, 0.010246, 0.016798, 0.033721, 0.002476,-0.055366
 2008.000,-0.012218,-0.027317, 0.006932,-0.081096, 0.004993, 0.010312, 0.008515,-0.010361,-0.038392,-0.028969, 0.004180, 0.021286, 0.003198, 0.012313, 0.005134, 0.073624,-0.040325, 0.000670, 0.006849, 0.015613, 0.002952,-0.042038,-0.004802,-0.099687, 0.056410, 0.038406,-0.010685,-0.001163, 0.007082,-0.012735,-0.016023, 0.042463,-0.000647,-0.001292, 0.018874,-0.018569,-0.003834,-0.021851,-0.002032,-0.009370, 0.016411,-0.023466,-0.190674
 2009.000, 0.009482, 0.040289,-0.017132, 0.025801,-0.032684,-0.001004,-0.060552, 0.004486,-0.014561,-0.016267,-0.023211, 0.015743,-0.005745,-0.004366,-0.117917, 0.004213, 0.027824, 0.014429,-0.050973, 0.020812, 0.019908,-0.030559,-0.025950,-0.045663, 0.010937,-0.006435, 0.018493,-0.007911,-0.028184,-0.038341,-0.044016,-0.037958,-0.013103, 0.002060,-0.002296,-0.049270,-0.016719,-0.003778,-0.034752,-0.011185,-0.001248,-0.027247, 0.167181
 2010.000, 0.005679,-0.003517,-0.006164,-0.058889,-0.010556, 0.001829,-0.018556, 0.051065, 0.074068,-0.011307, 0.022347, 0.038168,-0.013276, 0.015455,-0.056933, 0.017759,-0.000637, 0.022430,-0.007291,-0.006430, 0.013542, 0.010252,-0.007816, 0.050943, 0.057180, 0.007793, 0.020880,-0.002298,-0.001653,-0.008979, 0.016696, 0.019519, 0.015223, 0.002904, 0.073913,-0.011001, 0.001960, 0.019482, 0.022380, 0.001574, 0.003342, 0.021278, 0.081799
 2011.000,-0.020045, 0.008287,-0.002521,-0.064364, 0.008852, 0.004195,-0.006414, 0.042247,-0.044095,-0.007873, 0.026267, 0.000643, 0.002651,-0.025859,-0.027736, 0.060087, 0.020551,-0.048238, 0.012531, 0.051012,-0.056219, 0.002957,-0.014671, 0.049810,-0.944493,-0.014710, 0.024768,-0.018150,-0.011627, 0.003247,-0.001437,-0.031664,-0.009190, 0.048504, 0.008078, 0.006722, 0.012880,-0.106249, 0.008412, 0.007571,-0.050496, 0.000976, 0.075460
 2012.000, 0.004630,-0.006444, 0.004584, 0.012577, 0.028706, 0.004346, 0.008716, 0.056373, 0.025772,-0.004284, 0.030656, 0.031746, 0.001342, 0.002410,-0.097087, 0.040828, 0.003223, 0.013303, 0.015137,-0.031635, 0.072778,-0.014352, 0.040940, 0.029913, 0.430221,-0.008975,-0.022178,-0.041915,-0.003447, 0.008071,-0.000752, 0.037459,-0.007003, 0.060317, 0.015567,-0.013196, 0.101840,-0.004378,-0.003354,-0.013126,-0.003809, 0.028903, 0.064556
 2013.000,-0.032239,, 0.029447,-0.043725, 0.029036, 0.010949, 0.018610,-0.430888,-0.043687,-4.49E-08, 0.008956, 0.026669,-0.006556,-0.010109,-0.127660, 0.024058, 0.050859, 0.023624, 0.006099, 0.013987, 0.069883, 0.008418, 0.002726, 0.024909, 0.082928,-0.014917,-0.008401,-0.029420, 0.008819, 0.005239, 0.008118,-0.002247,-0.005657,-0.038918,-0.010903, 0.000532, 0.168487, 0.002351,-0.001631, 0.001229,-0.016328, 0.008647,-0.028146
 2014.000, 0.002309,, 0.005738,, 0.011786, 0.054422, 0.005990,-0.044340,-0.056697, 0.006224, 0.005845, 0.030378, 0.003613,-0.008824,-0.043682, 0.069331, 0.010406, 1.52E-05, 0.009447,-0.018246, 0.073915, 0.001347,-0.010036,-0.070069,-0.308197, 0.005540, 0.039406, 0.003118,-0.011091,-0.028344, 0.010046, 0.021353, 0.015387, 0.024042, 0.072419,-0.009392, 0.061678,-0.003179,-0.001514, 0.010233, 0.007685, 0.001016,-0.019436
 2015.000,-0.003946,,-0.023010,,-0.002548,-0.028604,-0.004287, 0.053777,-0.019514,-0.005255, 0.020186,-0.017286, 0.007813, 0.005528,-0.062943, 0.031160, 0.004161, 0.006998, 0.000250, 0.009748, 0.084887, 0.005719,-0.028011,-0.045454,-0.180476, 0.013243,-0.001225, 0.030529, 0.009551,-0.041057, 0.001277, 0.008486,-0.022618,-0.001516, 0.060245,-0.015781,-0.217636, 0.020604,-0.010626, 0.006401,-0.009340,-0.023110,-0.017178
